ActualError,PredictedError,CompensatedPosition
0.071,0.060680000000000046,299.93932
0.098,0.0907799999999999,299.90922
0.0,0.008850000000000005,299.99115
